"filename", "language", "XML", "Markdown", "MS SQL", "YAML", "Java", "JSON", "PostCSS", "Java Properties", "comment", "blank", "total"
"/mnt/windows-data/01_learn/k70_year_1/term_2/lap_trinh_nang_cao/projects/TheAllNewBinance/.github/workflows/ci.yml", "YAML", 0, 0, 0, 26, 0, 0, 0, 0, 0, 8, 34
"/mnt/windows-data/01_learn/k70_year_1/term_2/lap_trinh_nang_cao/projects/TheAllNewBinance/README.md", "Markdown", 0, 82, 0, 0, 0, 0, 0, 0, 0, 21, 103
"/mnt/windows-data/01_learn/k70_year_1/term_2/lap_trinh_nang_cao/projects/TheAllNewBinance/RUNNING_GUIDE.md", "Markdown", 0, 96, 0, 0, 0, 0, 0, 0, 0, 51, 147
"/mnt/windows-data/01_learn/k70_year_1/term_2/lap_trinh_nang_cao/projects/TheAllNewBinance/checkstyle-suppressions.xml", "XML", 15, 0, 0, 0, 0, 0, 0, 0, 4, 2, 21
"/mnt/windows-data/01_learn/k70_year_1/term_2/lap_trinh_nang_cao/projects/TheAllNewBinance/client/pom.xml", "XML", 115, 0, 0, 0, 0, 0, 0, 0, 0, 18, 133
"/mnt/windows-data/01_learn/k70_year_1/term_2/lap_trinh_nang_cao/projects/TheAllNewBinance/client/src/main/java/com/auction/client/app/ClientApp.java", "Java", 0, 0, 0, 0, 70, 0, 0, 0, 4, 14, 88
"/mnt/windows-data/01_learn/k70_year_1/term_2/lap_trinh_nang_cao/projects/TheAllNewBinance/client/src/main/java/com/auction/client/app/Launcher.java", "Java", 0, 0, 0, 0, 6, 0, 0, 0, 0, 2, 8
"/mnt/windows-data/01_learn/k70_year_1/term_2/lap_trinh_nang_cao/projects/TheAllNewBinance/client/src/main/java/com/auction/client/component/control/SearchBarComponentController.java", "Java", 0, 0, 0, 0, 2, 0, 0, 0, 0, 2, 4
"/mnt/windows-data/01_learn/k70_year_1/term_2/lap_trinh_nang_cao/projects/TheAllNewBinance/client/src/main/java/com/auction/client/component/control/ThemeToggleComponentController.java", "Java", 0, 0, 0, 0, 14, 0, 0, 0, 0, 6, 20
"/mnt/windows-data/01_learn/k70_year_1/term_2/lap_trinh_nang_cao/projects/TheAllNewBinance/client/src/main/java/com/auction/client/component/item/AdminAuctionCardController.java", "Java", 0, 0, 0, 0, 120, 0, 0, 0, 10, 24, 154
"/mnt/windows-data/01_learn/k70_year_1/term_2/lap_trinh_nang_cao/projects/TheAllNewBinance/client/src/main/java/com/auction/client/component/item/AuctionCardComponentController.java", "Java", 0, 0, 0, 0, 59, 0, 0, 0, 0, 21, 80
"/mnt/windows-data/01_learn/k70_year_1/term_2/lap_trinh_nang_cao/projects/TheAllNewBinance/client/src/main/java/com/auction/client/component/item/ProfileAuctionCardController.java", "Java", 0, 0, 0, 0, 87, 0, 0, 0, 24, 22, 133
"/mnt/windows-data/01_learn/k70_year_1/term_2/lap_trinh_nang_cao/projects/TheAllNewBinance/client/src/main/java/com/auction/client/component/item/StarAuctionCardController.java", "Java", 0, 0, 0, 0, 168, 0, 0, 0, 23, 28, 219
"/mnt/windows-data/01_learn/k70_year_1/term_2/lap_trinh_nang_cao/projects/TheAllNewBinance/client/src/main/java/com/auction/client/component/item/UpcomingAuctionCardComponentController.java", "Java", 0, 0, 0, 0, 55, 0, 0, 0, 0, 19, 74
"/mnt/windows-data/01_learn/k70_year_1/term_2/lap_trinh_nang_cao/projects/TheAllNewBinance/client/src/main/java/com/auction/client/component/modal/PromoteModalController.java", "Java", 0, 0, 0, 0, 182, 0, 0, 0, 30, 32, 244
"/mnt/windows-data/01_learn/k70_year_1/term_2/lap_trinh_nang_cao/projects/TheAllNewBinance/client/src/main/java/com/auction/client/component/profile/ProfileSidebarController.java", "Java", 0, 0, 0, 0, 20, 0, 0, 0, 18, 5, 43
"/mnt/windows-data/01_learn/k70_year_1/term_2/lap_trinh_nang_cao/projects/TheAllNewBinance/client/src/main/java/com/auction/client/component/shell/HeaderComponentController.java", "Java", 0, 0, 0, 0, 118, 0, 0, 0, 1, 31, 150
"/mnt/windows-data/01_learn/k70_year_1/term_2/lap_trinh_nang_cao/projects/TheAllNewBinance/client/src/main/java/com/auction/client/component/shell/NavbarComponentController.java", "Java", 0, 0, 0, 0, 22, 0, 0, 0, 2, 7, 31
"/mnt/windows-data/01_learn/k70_year_1/term_2/lap_trinh_nang_cao/projects/TheAllNewBinance/client/src/main/java/com/auction/client/component/shell/StarAuctionCarouselController.java", "Java", 0, 0, 0, 0, 295, 0, 0, 0, 37, 50, 382
"/mnt/windows-data/01_learn/k70_year_1/term_2/lap_trinh_nang_cao/projects/TheAllNewBinance/client/src/main/java/com/auction/client/config/AppConfig.java", "Java", 0, 0, 0, 0, 56, 0, 0, 0, 6, 18, 80
"/mnt/windows-data/01_learn/k70_year_1/term_2/lap_trinh_nang_cao/projects/TheAllNewBinance/client/src/main/java/com/auction/client/config/SceneRegistry.java", "Java", 0, 0, 0, 0, 24, 0, 0, 0, 0, 6, 30
"/mnt/windows-data/01_learn/k70_year_1/term_2/lap_trinh_nang_cao/projects/TheAllNewBinance/client/src/main/java/com/auction/client/dto/ProductCardUiModel.java", "Java", 0, 0, 0, 0, 21, 0, 0, 0, 0, 6, 27
"/mnt/windows-data/01_learn/k70_year_1/term_2/lap_trinh_nang_cao/projects/TheAllNewBinance/client/src/main/java/com/auction/client/dto/ProfileAuctionCardUiModel.java", "Java", 0, 0, 0, 0, 103, 0, 0, 0, 16, 9, 128
"/mnt/windows-data/01_learn/k70_year_1/term_2/lap_trinh_nang_cao/projects/TheAllNewBinance/client/src/main/java/com/auction/client/exception/SceneLoadException.java", "Java", 0, 0, 0, 0, 6, 0, 0, 0, 0, 3, 9
"/mnt/windows-data/01_learn/k70_year_1/term_2/lap_trinh_nang_cao/projects/TheAllNewBinance/client/src/main/java/com/auction/client/mock/MockAuctionClient.java", "Java", 0, 0, 0, 0, 119, 0, 0, 0, 36, 26, 181
"/mnt/windows-data/01_learn/k70_year_1/term_2/lap_trinh_nang_cao/projects/TheAllNewBinance/client/src/main/java/com/auction/client/mock/MockDataProvider.java", "Java", 0, 0, 0, 0, 536, 0, 0, 0, 62, 89, 687
"/mnt/windows-data/01_learn/k70_year_1/term_2/lap_trinh_nang_cao/projects/TheAllNewBinance/client/src/main/java/com/auction/client/network/AuctionClient.java", "Java", 0, 0, 0, 0, 125, 0, 0, 0, 17, 20, 162
"/mnt/windows-data/01_learn/k70_year_1/term_2/lap_trinh_nang_cao/projects/TheAllNewBinance/client/src/main/java/com/auction/client/network/ClientExceptionFactory.java", "Java", 0, 0, 0, 0, 23, 0, 0, 0, 12, 5, 40
"/mnt/windows-data/01_learn/k70_year_1/term_2/lap_trinh_nang_cao/projects/TheAllNewBinance/client/src/main/java/com/auction/client/page/admin/AdminPageController.java", "Java", 0, 0, 0, 0, 334, 0, 0, 0, 27, 46, 407
"/mnt/windows-data/01_learn/k70_year_1/term_2/lap_trinh_nang_cao/projects/TheAllNewBinance/client/src/main/java/com/auction/client/page/auction/AuctionPageController.java", "Java", 0, 0, 0, 0, 609, 0, 0, 0, 18, 76, 703
"/mnt/windows-data/01_learn/k70_year_1/term_2/lap_trinh_nang_cao/projects/TheAllNewBinance/client/src/main/java/com/auction/client/page/auction/AuctionPageViewModel.java", "Java", 0, 0, 0, 0, 245, 0, 0, 0, 0, 45, 290
"/mnt/windows-data/01_learn/k70_year_1/term_2/lap_trinh_nang_cao/projects/TheAllNewBinance/client/src/main/java/com/auction/client/page/create/CreateListingController.java", "Java", 0, 0, 0, 0, 384, 0, 0, 0, 7, 41, 432
"/mnt/windows-data/01_learn/k70_year_1/term_2/lap_trinh_nang_cao/projects/TheAllNewBinance/client/src/main/java/com/auction/client/page/general/GeneralPageController.java", "Java", 0, 0, 0, 0, 300, 0, 0, 0, 6, 61, 367
"/mnt/windows-data/01_learn/k70_year_1/term_2/lap_trinh_nang_cao/projects/TheAllNewBinance/client/src/main/java/com/auction/client/page/general/GeneralPageViewModel.java", "Java", 0, 0, 0, 0, 22, 0, 0, 0, 0, 9, 31
"/mnt/windows-data/01_learn/k70_year_1/term_2/lap_trinh_nang_cao/projects/TheAllNewBinance/client/src/main/java/com/auction/client/page/login/LoginPageController.java", "Java", 0, 0, 0, 0, 72, 0, 0, 0, 0, 13, 85
"/mnt/windows-data/01_learn/k70_year_1/term_2/lap_trinh_nang_cao/projects/TheAllNewBinance/client/src/main/java/com/auction/client/page/login/LoginPageViewModel.java", "Java", 0, 0, 0, 0, 35, 0, 0, 0, 5, 6, 46
"/mnt/windows-data/01_learn/k70_year_1/term_2/lap_trinh_nang_cao/projects/TheAllNewBinance/client/src/main/java/com/auction/client/page/productdetail/ProductDetailPageController.java", "Java", 0, 0, 0, 0, 340, 0, 0, 0, 6, 43, 389
"/mnt/windows-data/01_learn/k70_year_1/term_2/lap_trinh_nang_cao/projects/TheAllNewBinance/client/src/main/java/com/auction/client/page/productdetail/ProductDetailPageViewModel.java", "Java", 0, 0, 0, 0, 184, 0, 0, 0, 0, 40, 224
"/mnt/windows-data/01_learn/k70_year_1/term_2/lap_trinh_nang_cao/projects/TheAllNewBinance/client/src/main/java/com/auction/client/page/profile/PersonalProfileController.java", "Java", 0, 0, 0, 0, 311, 0, 0, 0, 53, 55, 419
"/mnt/windows-data/01_learn/k70_year_1/term_2/lap_trinh_nang_cao/projects/TheAllNewBinance/client/src/main/java/com/auction/client/page/profile/ProfilePageViewModel.java", "Java", 0, 0, 0, 0, 506, 0, 0, 0, 62, 95, 663
"/mnt/windows-data/01_learn/k70_year_1/term_2/lap_trinh_nang_cao/projects/TheAllNewBinance/client/src/main/java/com/auction/client/page/profile/PublicSellerController.java", "Java", 0, 0, 0, 0, 102, 0, 0, 0, 29, 23, 154
"/mnt/windows-data/01_learn/k70_year_1/term_2/lap_trinh_nang_cao/projects/TheAllNewBinance/client/src/main/java/com/auction/client/page/register/RegisterPageController.java", "Java", 0, 0, 0, 0, 76, 0, 0, 0, 0, 13, 89
"/mnt/windows-data/01_learn/k70_year_1/term_2/lap_trinh_nang_cao/projects/TheAllNewBinance/client/src/main/java/com/auction/client/page/register/RegisterPageViewModel.java", "Java", 0, 0, 0, 0, 37, 0, 0, 0, 0, 6, 43
"/mnt/windows-data/01_learn/k70_year_1/term_2/lap_trinh_nang_cao/projects/TheAllNewBinance/client/src/main/java/com/auction/client/page/sellers/SellersPageController.java", "Java", 0, 0, 0, 0, 7, 0, 0, 0, 1, 4, 12
"/mnt/windows-data/01_learn/k70_year_1/term_2/lap_trinh_nang_cao/projects/TheAllNewBinance/client/src/main/java/com/auction/client/scene/DataReceivable.java", "Java", 0, 0, 0, 0, 5, 0, 0, 0, 4, 3, 12
"/mnt/windows-data/01_learn/k70_year_1/term_2/lap_trinh_nang_cao/projects/TheAllNewBinance/client/src/main/java/com/auction/client/scene/LifecycleAwareController.java", "Java", 0, 0, 0, 0, 4, 0, 0, 0, 0, 2, 6
"/mnt/windows-data/01_learn/k70_year_1/term_2/lap_trinh_nang_cao/projects/TheAllNewBinance/client/src/main/java/com/auction/client/scene/NavigationService.java", "Java", 0, 0, 0, 0, 35, 0, 0, 0, 0, 13, 48
"/mnt/windows-data/01_learn/k70_year_1/term_2/lap_trinh_nang_cao/projects/TheAllNewBinance/client/src/main/java/com/auction/client/scene/SceneService.java", "Java", 0, 0, 0, 0, 208, 0, 0, 0, 5, 40, 253
"/mnt/windows-data/01_learn/k70_year_1/term_2/lap_trinh_nang_cao/projects/TheAllNewBinance/client/src/main/java/com/auction/client/service/AuctionQueryService.java", "Java", 0, 0, 0, 0, 325, 0, 0, 0, 0, 55, 380
"/mnt/windows-data/01_learn/k70_year_1/term_2/lap_trinh_nang_cao/projects/TheAllNewBinance/client/src/main/java/com/auction/client/service/CssDependencyIndex.java", "Java", 0, 0, 0, 0, 48, 0, 0, 0, 1, 11, 60
"/mnt/windows-data/01_learn/k70_year_1/term_2/lap_trinh_nang_cao/projects/TheAllNewBinance/client/src/main/java/com/auction/client/service/FontLoaderService.java", "Java", 0, 0, 0, 0, 47, 0, 0, 0, 0, 7, 54
"/mnt/windows-data/01_learn/k70_year_1/term_2/lap_trinh_nang_cao/projects/TheAllNewBinance/client/src/main/java/com/auction/client/service/HotReloadService.java", "Java", 0, 0, 0, 0, 190, 0, 0, 0, 3, 28, 221
"/mnt/windows-data/01_learn/k70_year_1/term_2/lap_trinh_nang_cao/projects/TheAllNewBinance/client/src/main/java/com/auction/client/service/ImageLoader.java", "Java", 0, 0, 0, 0, 160, 0, 0, 0, 13, 26, 199
"/mnt/windows-data/01_learn/k70_year_1/term_2/lap_trinh_nang_cao/projects/TheAllNewBinance/client/src/main/java/com/auction/client/service/NetworkService.java", "Java", 0, 0, 0, 0, 60, 0, 0, 0, 6, 13, 79
"/mnt/windows-data/01_learn/k70_year_1/term_2/lap_trinh_nang_cao/projects/TheAllNewBinance/client/src/main/java/com/auction/client/service/ResourceLoader.java", "Java", 0, 0, 0, 0, 42, 0, 0, 0, 0, 9, 51
"/mnt/windows-data/01_learn/k70_year_1/term_2/lap_trinh_nang_cao/projects/TheAllNewBinance/client/src/main/java/com/auction/client/service/ThemeService.java", "Java", 0, 0, 0, 0, 75, 0, 0, 0, 0, 20, 95
"/mnt/windows-data/01_learn/k70_year_1/term_2/lap_trinh_nang_cao/projects/TheAllNewBinance/client/src/main/java/com/auction/client/service/UserSessionService.java", "Java", 0, 0, 0, 0, 44, 0, 0, 0, 5, 12, 61
"/mnt/windows-data/01_learn/k70_year_1/term_2/lap_trinh_nang_cao/projects/TheAllNewBinance/client/src/main/resources/css/app.css", "PostCSS", 0, 0, 0, 0, 0, 0, 23, 0, 0, 0, 23
"/mnt/windows-data/01_learn/k70_year_1/term_2/lap_trinh_nang_cao/projects/TheAllNewBinance/client/src/main/resources/css/base/fonts.css", "PostCSS", 0, 0, 0, 0, 0, 0, 6, 0, 0, 1, 7
"/mnt/windows-data/01_learn/k70_year_1/term_2/lap_trinh_nang_cao/projects/TheAllNewBinance/client/src/main/resources/css/base/reset.css", "PostCSS", 0, 0, 0, 0, 0, 0, 9, 0, 0, 1, 10
"/mnt/windows-data/01_learn/k70_year_1/term_2/lap_trinh_nang_cao/projects/TheAllNewBinance/client/src/main/resources/css/base/spacing.css", "PostCSS", 0, 0, 0, 0, 0, 0, 6, 0, 0, 1, 7
"/mnt/windows-data/01_learn/k70_year_1/term_2/lap_trinh_nang_cao/projects/TheAllNewBinance/client/src/main/resources/css/base/tokens.css", "PostCSS", 0, 0, 0, 0, 0, 0, 92, 0, 15, 11, 118
"/mnt/windows-data/01_learn/k70_year_1/term_2/lap_trinh_nang_cao/projects/TheAllNewBinance/client/src/main/resources/css/base/typography.css", "PostCSS", 0, 0, 0, 0, 0, 0, 9, 0, 0, 1, 10
"/mnt/windows-data/01_learn/k70_year_1/term_2/lap_trinh_nang_cao/projects/TheAllNewBinance/client/src/main/resources/css/components/auth/login-card.css", "PostCSS", 0, 0, 0, 0, 0, 0, 63, 0, 0, 9, 72
"/mnt/windows-data/01_learn/k70_year_1/term_2/lap_trinh_nang_cao/projects/TheAllNewBinance/client/src/main/resources/css/components/auth/register-card.css", "PostCSS", 0, 0, 0, 0, 0, 0, 63, 0, 0, 9, 72
"/mnt/windows-data/01_learn/k70_year_1/term_2/lap_trinh_nang_cao/projects/TheAllNewBinance/client/src/main/resources/css/components/control/search-bar.css", "PostCSS", 0, 0, 0, 0, 0, 0, 4, 0, 0, 0, 4
"/mnt/windows-data/01_learn/k70_year_1/term_2/lap_trinh_nang_cao/projects/TheAllNewBinance/client/src/main/resources/css/components/control/theme-toggle.css", "PostCSS", 0, 0, 0, 0, 0, 0, 4, 0, 0, 0, 4
"/mnt/windows-data/01_learn/k70_year_1/term_2/lap_trinh_nang_cao/projects/TheAllNewBinance/client/src/main/resources/css/components/item/auction-card.css", "PostCSS", 0, 0, 0, 0, 0, 0, 69, 0, 0, 12, 81
"/mnt/windows-data/01_learn/k70_year_1/term_2/lap_trinh_nang_cao/projects/TheAllNewBinance/client/src/main/resources/css/components/item/profile-auction-card.css", "PostCSS", 0, 0, 0, 0, 0, 0, 101, 0, 8, 19, 128
"/mnt/windows-data/01_learn/k70_year_1/term_2/lap_trinh_nang_cao/projects/TheAllNewBinance/client/src/main/resources/css/components/item/star-auction-card.css", "PostCSS", 0, 0, 0, 0, 0, 0, 78, 0, 19, 16, 113
"/mnt/windows-data/01_learn/k70_year_1/term_2/lap_trinh_nang_cao/projects/TheAllNewBinance/client/src/main/resources/css/components/modal/promote-modal.css", "PostCSS", 0, 0, 0, 0, 0, 0, 188, 0, 15, 30, 233
"/mnt/windows-data/01_learn/k70_year_1/term_2/lap_trinh_nang_cao/projects/TheAllNewBinance/client/src/main/resources/css/components/shell/footer.css", "PostCSS", 0, 0, 0, 0, 0, 0, 11, 0, 0, 2, 13
"/mnt/windows-data/01_learn/k70_year_1/term_2/lap_trinh_nang_cao/projects/TheAllNewBinance/client/src/main/resources/css/components/shell/header.css", "PostCSS", 0, 0, 0, 0, 0, 0, 44, 0, 0, 6, 50
"/mnt/windows-data/01_learn/k70_year_1/term_2/lap_trinh_nang_cao/projects/TheAllNewBinance/client/src/main/resources/css/components/shell/modal.css", "PostCSS", 0, 0, 0, 0, 0, 0, 10, 0, 0, 2, 12
"/mnt/windows-data/01_learn/k70_year_1/term_2/lap_trinh_nang_cao/projects/TheAllNewBinance/client/src/main/resources/css/components/shell/navbar.css", "PostCSS", 0, 0, 0, 0, 0, 0, 14, 0, 0, 1, 15
"/mnt/windows-data/01_learn/k70_year_1/term_2/lap_trinh_nang_cao/projects/TheAllNewBinance/client/src/main/resources/css/components/shell/star-auction-carousel.css", "PostCSS", 0, 0, 0, 0, 0, 0, 48, 0, 13, 10, 71
"/mnt/windows-data/01_learn/k70_year_1/term_2/lap_trinh_nang_cao/projects/TheAllNewBinance/client/src/main/resources/css/pages/admin-page.css", "PostCSS", 0, 0, 0, 0, 0, 0, 126, 0, 10, 21, 157
"/mnt/windows-data/01_learn/k70_year_1/term_2/lap_trinh_nang_cao/projects/TheAllNewBinance/client/src/main/resources/css/pages/auction-page.css", "PostCSS", 0, 0, 0, 0, 0, 0, 277, 0, 13, 62, 352
"/mnt/windows-data/01_learn/k70_year_1/term_2/lap_trinh_nang_cao/projects/TheAllNewBinance/client/src/main/resources/css/pages/create-listing-page.css", "PostCSS", 0, 0, 0, 0, 0, 0, 93, 0, 4, 15, 112
"/mnt/windows-data/01_learn/k70_year_1/term_2/lap_trinh_nang_cao/projects/TheAllNewBinance/client/src/main/resources/css/pages/general-page.css", "PostCSS", 0, 0, 0, 0, 0, 0, 78, 0, 0, 16, 94
"/mnt/windows-data/01_learn/k70_year_1/term_2/lap_trinh_nang_cao/projects/TheAllNewBinance/client/src/main/resources/css/pages/product-detail-page.css", "PostCSS", 0, 0, 0, 0, 0, 0, 133, 0, 0, 26, 159
"/mnt/windows-data/01_learn/k70_year_1/term_2/lap_trinh_nang_cao/projects/TheAllNewBinance/client/src/main/resources/css/pages/profile-page.css", "PostCSS", 0, 0, 0, 0, 0, 0, 340, 0, 33, 53, 426
"/mnt/windows-data/01_learn/k70_year_1/term_2/lap_trinh_nang_cao/projects/TheAllNewBinance/client/src/main/resources/css/themes/dark.css", "PostCSS", 0, 0, 0, 0, 0, 0, 19, 0, 7, 5, 31
"/mnt/windows-data/01_learn/k70_year_1/term_2/lap_trinh_nang_cao/projects/TheAllNewBinance/client/src/main/resources/css/themes/light.css", "PostCSS", 0, 0, 0, 0, 0, 0, 20, 0, 5, 5, 30
"/mnt/windows-data/01_learn/k70_year_1/term_2/lap_trinh_nang_cao/projects/TheAllNewBinance/client/src/main/resources/fonts/README.md", "Markdown", 0, 11, 0, 0, 0, 0, 0, 0, 0, 3, 14
"/mnt/windows-data/01_learn/k70_year_1/term_2/lap_trinh_nang_cao/projects/TheAllNewBinance/client/src/main/resources/fxml/components/auth/login-card.fxml", "XML", 23, 0, 0, 0, 0, 0, 0, 0, 0, 7, 30
"/mnt/windows-data/01_learn/k70_year_1/term_2/lap_trinh_nang_cao/projects/TheAllNewBinance/client/src/main/resources/fxml/components/auth/register-card.fxml", "XML", 24, 0, 0, 0, 0, 0, 0, 0, 0, 7, 31
"/mnt/windows-data/01_learn/k70_year_1/term_2/lap_trinh_nang_cao/projects/TheAllNewBinance/client/src/main/resources/fxml/components/control/search-bar.fxml", "XML", 17, 0, 0, 0, 0, 0, 0, 0, 0, 2, 19
"/mnt/windows-data/01_learn/k70_year_1/term_2/lap_trinh_nang_cao/projects/TheAllNewBinance/client/src/main/resources/fxml/components/control/theme-toggle.fxml", "XML", 10, 0, 0, 0, 0, 0, 0, 0, 0, 2, 12
"/mnt/windows-data/01_learn/k70_year_1/term_2/lap_trinh_nang_cao/projects/TheAllNewBinance/client/src/main/resources/fxml/components/item/admin-auction-card.fxml", "XML", 47, 0, 0, 0, 0, 0, 0, 0, 10, 11, 68
"/mnt/windows-data/01_learn/k70_year_1/term_2/lap_trinh_nang_cao/projects/TheAllNewBinance/client/src/main/resources/fxml/components/item/auction-card.fxml", "XML", 49, 0, 0, 0, 0, 0, 0, 0, 0, 3, 52
"/mnt/windows-data/01_learn/k70_year_1/term_2/lap_trinh_nang_cao/projects/TheAllNewBinance/client/src/main/resources/fxml/components/item/profile-auction-card.fxml", "XML", 55, 0, 0, 0, 0, 0, 0, 0, 10, 11, 76
"/mnt/windows-data/01_learn/k70_year_1/term_2/lap_trinh_nang_cao/projects/TheAllNewBinance/client/src/main/resources/fxml/components/item/star-auction-card.fxml", "XML", 52, 0, 0, 0, 0, 0, 0, 0, 14, 14, 80
"/mnt/windows-data/01_learn/k70_year_1/term_2/lap_trinh_nang_cao/projects/TheAllNewBinance/client/src/main/resources/fxml/components/item/upcoming-auction-card.fxml", "XML", 44, 0, 0, 0, 0, 0, 0, 0, 0, 4, 48
"/mnt/windows-data/01_learn/k70_year_1/term_2/lap_trinh_nang_cao/projects/TheAllNewBinance/client/src/main/resources/fxml/components/modal/promote-modal.fxml", "XML", 75, 0, 0, 0, 0, 0, 0, 0, 15, 13, 103
"/mnt/windows-data/01_learn/k70_year_1/term_2/lap_trinh_nang_cao/projects/TheAllNewBinance/client/src/main/resources/fxml/components/profile/profile-sidebar.fxml", "XML", 16, 0, 0, 0, 0, 0, 0, 0, 9, 6, 31
"/mnt/windows-data/01_learn/k70_year_1/term_2/lap_trinh_nang_cao/projects/TheAllNewBinance/client/src/main/resources/fxml/components/shell/footer.fxml", "XML", 19, 0, 0, 0, 0, 0, 0, 0, 0, 3, 22
"/mnt/windows-data/01_learn/k70_year_1/term_2/lap_trinh_nang_cao/projects/TheAllNewBinance/client/src/main/resources/fxml/components/shell/header.fxml", "XML", 48, 0, 0, 0, 0, 0, 0, 0, 0, 2, 50
"/mnt/windows-data/01_learn/k70_year_1/term_2/lap_trinh_nang_cao/projects/TheAllNewBinance/client/src/main/resources/fxml/components/shell/navbar.fxml", "XML", 16, 0, 0, 0, 0, 0, 0, 0, 0, 2, 18
"/mnt/windows-data/01_learn/k70_year_1/term_2/lap_trinh_nang_cao/projects/TheAllNewBinance/client/src/main/resources/fxml/components/shell/star-auction-carousel.fxml", "XML", 34, 0, 0, 0, 0, 0, 0, 0, 16, 10, 60
"/mnt/windows-data/01_learn/k70_year_1/term_2/lap_trinh_nang_cao/projects/TheAllNewBinance/client/src/main/resources/fxml/pages/admin-page.fxml", "XML", 110, 0, 0, 0, 0, 0, 0, 0, 16, 22, 148
"/mnt/windows-data/01_learn/k70_year_1/term_2/lap_trinh_nang_cao/projects/TheAllNewBinance/client/src/main/resources/fxml/pages/auction-page.fxml", "XML", 194, 0, 0, 0, 0, 0, 0, 0, 15, 21, 230
"/mnt/windows-data/01_learn/k70_year_1/term_2/lap_trinh_nang_cao/projects/TheAllNewBinance/client/src/main/resources/fxml/pages/create-listing-page.fxml", "XML", 101, 0, 0, 0, 0, 0, 0, 0, 2, 24, 127
"/mnt/windows-data/01_learn/k70_year_1/term_2/lap_trinh_nang_cao/projects/TheAllNewBinance/client/src/main/resources/fxml/pages/general-page.fxml", "XML", 116, 0, 0, 0, 0, 0, 0, 0, 1, 9, 126
"/mnt/windows-data/01_learn/k70_year_1/term_2/lap_trinh_nang_cao/projects/TheAllNewBinance/client/src/main/resources/fxml/pages/personal-profile-page.fxml", "XML", 224, 0, 0, 0, 0, 0, 0, 0, 19, 42, 285
"/mnt/windows-data/01_learn/k70_year_1/term_2/lap_trinh_nang_cao/projects/TheAllNewBinance/client/src/main/resources/fxml/pages/product-detail-page.fxml", "XML", 126, 0, 0, 0, 0, 0, 0, 0, 0, 13, 139
"/mnt/windows-data/01_learn/k70_year_1/term_2/lap_trinh_nang_cao/projects/TheAllNewBinance/client/src/main/resources/fxml/pages/public-seller-page.fxml", "XML", 84, 0, 0, 0, 0, 0, 0, 0, 17, 23, 124
"/mnt/windows-data/01_learn/k70_year_1/term_2/lap_trinh_nang_cao/projects/TheAllNewBinance/client/src/main/resources/fxml/pages/sellers-page.fxml", "XML", 31, 0, 0, 0, 0, 0, 0, 0, 0, 3, 34
"/mnt/windows-data/01_learn/k70_year_1/term_2/lap_trinh_nang_cao/projects/TheAllNewBinance/client/src/main/resources/i18n/messages_en.properties", "Java Properties", 0, 0, 0, 0, 0, 0, 0, 6, 0, 0, 6
"/mnt/windows-data/01_learn/k70_year_1/term_2/lap_trinh_nang_cao/projects/TheAllNewBinance/client/src/main/resources/i18n/messages_vi.properties", "Java Properties", 0, 0, 0, 0, 0, 0, 0, 6, 0, 0, 6
"/mnt/windows-data/01_learn/k70_year_1/term_2/lap_trinh_nang_cao/projects/TheAllNewBinance/client/src/main/resources/mockdata/auctions.json", "JSON", 0, 0, 0, 0, 0, 128, 0, 0, 0, 0, 128
"/mnt/windows-data/01_learn/k70_year_1/term_2/lap_trinh_nang_cao/projects/TheAllNewBinance/client/src/main/resources/mockdata/bids.json", "JSON", 0, 0, 0, 0, 0, 233, 0, 0, 0, 0, 233
"/mnt/windows-data/01_learn/k70_year_1/term_2/lap_trinh_nang_cao/projects/TheAllNewBinance/client/src/main/resources/mockdata/items.json", "JSON", 0, 0, 0, 0, 0, 66, 0, 0, 0, 1, 67
"/mnt/windows-data/01_learn/k70_year_1/term_2/lap_trinh_nang_cao/projects/TheAllNewBinance/client/src/main/resources/mockdata/users.json", "JSON", 0, 0, 0, 0, 0, 38, 0, 0, 0, 1, 39
"/mnt/windows-data/01_learn/k70_year_1/term_2/lap_trinh_nang_cao/projects/TheAllNewBinance/client/src/test/java/com/auction/client/ui/GeneralPageUiTest.java", "Java", 0, 0, 0, 0, 9, 0, 0, 0, 0, 4, 13
"/mnt/windows-data/01_learn/k70_year_1/term_2/lap_trinh_nang_cao/projects/TheAllNewBinance/client/src/test/java/com/auction/client/ui/LoginPageUiTest.java", "Java", 0, 0, 0, 0, 9, 0, 0, 0, 0, 4, 13
"/mnt/windows-data/01_learn/k70_year_1/term_2/lap_trinh_nang_cao/projects/TheAllNewBinance/client/src/test/java/com/auction/client/ui/ProductDetailPageUiTest.java", "Java", 0, 0, 0, 0, 9, 0, 0, 0, 0, 4, 13
"/mnt/windows-data/01_learn/k70_year_1/term_2/lap_trinh_nang_cao/projects/TheAllNewBinance/client/src/test/java/com/auction/client/ui/ProfilePageUiTest.java", "Java", 0, 0, 0, 0, 9, 0, 0, 0, 0, 4, 13
"/mnt/windows-data/01_learn/k70_year_1/term_2/lap_trinh_nang_cao/projects/TheAllNewBinance/client/src/test/java/com/auction/client/ui/RegisterPageUiTest.java", "Java", 0, 0, 0, 0, 9, 0, 0, 0, 0, 4, 13
"/mnt/windows-data/01_learn/k70_year_1/term_2/lap_trinh_nang_cao/projects/TheAllNewBinance/client/src/test/java/com/auction/client/unit/component/auctioncard/AuctionCardComponentControllerTest.java", "Java", 0, 0, 0, 0, 10, 0, 0, 0, 0, 4, 14
"/mnt/windows-data/01_learn/k70_year_1/term_2/lap_trinh_nang_cao/projects/TheAllNewBinance/client/src/test/java/com/auction/client/unit/component/header/HeaderComponentControllerTest.java", "Java", 0, 0, 0, 0, 10, 0, 0, 0, 0, 4, 14
"/mnt/windows-data/01_learn/k70_year_1/term_2/lap_trinh_nang_cao/projects/TheAllNewBinance/client/src/test/java/com/auction/client/unit/page/auction/AuctionPageViewModelTest.java", "Java", 0, 0, 0, 0, 71, 0, 0, 0, 7, 20, 98
"/mnt/windows-data/01_learn/k70_year_1/term_2/lap_trinh_nang_cao/projects/TheAllNewBinance/client/src/test/java/com/auction/client/unit/page/general/GeneralPageViewModelTest.java", "Java", 0, 0, 0, 0, 11, 0, 0, 0, 0, 4, 15
"/mnt/windows-data/01_learn/k70_year_1/term_2/lap_trinh_nang_cao/projects/TheAllNewBinance/client/src/test/java/com/auction/client/unit/page/login/LoginPageViewModelTest.java", "Java", 0, 0, 0, 0, 11, 0, 0, 0, 0, 4, 15
"/mnt/windows-data/01_learn/k70_year_1/term_2/lap_trinh_nang_cao/projects/TheAllNewBinance/client/src/test/java/com/auction/client/unit/page/productdetail/ProductDetailPageViewModelTest.java", "Java", 0, 0, 0, 0, 11, 0, 0, 0, 0, 4, 15
"/mnt/windows-data/01_learn/k70_year_1/term_2/lap_trinh_nang_cao/projects/TheAllNewBinance/client/src/test/java/com/auction/client/unit/page/profile/ProfilePageViewModelTest.java", "Java", 0, 0, 0, 0, 11, 0, 0, 0, 0, 4, 15
"/mnt/windows-data/01_learn/k70_year_1/term_2/lap_trinh_nang_cao/projects/TheAllNewBinance/client/src/test/java/com/auction/client/unit/page/register/RegisterPageViewModelTest.java", "Java", 0, 0, 0, 0, 11, 0, 0, 0, 0, 4, 15
"/mnt/windows-data/01_learn/k70_year_1/term_2/lap_trinh_nang_cao/projects/TheAllNewBinance/client/src/test/java/com/auction/client/unit/scene/SceneServiceTest.java", "Java", 0, 0, 0, 0, 54, 0, 0, 0, 0, 11, 65
"/mnt/windows-data/01_learn/k70_year_1/term_2/lap_trinh_nang_cao/projects/TheAllNewBinance/client/src/test/java/com/auction/client/unit/service/CssDependencyIndexTest.java", "Java", 0, 0, 0, 0, 27, 0, 0, 0, 0, 8, 35
"/mnt/windows-data/01_learn/k70_year_1/term_2/lap_trinh_nang_cao/projects/TheAllNewBinance/core/pom.xml", "XML", 27, 0, 0, 0, 0, 0, 0, 0, 0, 6, 33
"/mnt/windows-data/01_learn/k70_year_1/term_2/lap_trinh_nang_cao/projects/TheAllNewBinance/core/src/main/java/com/auction/core/Entity.java", "Java", 0, 0, 0, 0, 34, 0, 0, 0, 0, 11, 45
"/mnt/windows-data/01_learn/k70_year_1/term_2/lap_trinh_nang_cao/projects/TheAllNewBinance/core/src/main/java/com/auction/core/auction/Auction.java", "Java", 0, 0, 0, 0, 172, 0, 0, 0, 1, 39, 212
"/mnt/windows-data/01_learn/k70_year_1/term_2/lap_trinh_nang_cao/projects/TheAllNewBinance/core/src/main/java/com/auction/core/auction/Bid.java", "Java", 0, 0, 0, 0, 30, 0, 0, 0, 0, 9, 39
"/mnt/windows-data/01_learn/k70_year_1/term_2/lap_trinh_nang_cao/projects/TheAllNewBinance/core/src/main/java/com/auction/core/dto/auction/AuctionDetailsDto.java", "Java", 0, 0, 0, 0, 33, 0, 0, 0, 0, 11, 44
"/mnt/windows-data/01_learn/k70_year_1/term_2/lap_trinh_nang_cao/projects/TheAllNewBinance/core/src/main/java/com/auction/core/dto/auction/CreateAuctionRequest.java", "Java", 0, 0, 0, 0, 88, 0, 0, 0, 2, 25, 115
"/mnt/windows-data/01_learn/k70_year_1/term_2/lap_trinh_nang_cao/projects/TheAllNewBinance/core/src/main/java/com/auction/core/dto/auction/GetAuctionBySellerIdRequest.java", "Java", 0, 0, 0, 0, 14, 0, 0, 0, 0, 6, 20
"/mnt/windows-data/01_learn/k70_year_1/term_2/lap_trinh_nang_cao/projects/TheAllNewBinance/core/src/main/java/com/auction/core/dto/auction/GetAuctionDetailsRequest.java", "Java", 0, 0, 0, 0, 14, 0, 0, 0, 0, 6, 20
"/mnt/windows-data/01_learn/k70_year_1/term_2/lap_trinh_nang_cao/projects/TheAllNewBinance/core/src/main/java/com/auction/core/dto/auction/GetFeaturedAuctionsRequest.java", "Java", 0, 0, 0, 0, 11, 0, 0, 0, 4, 5, 20
"/mnt/windows-data/01_learn/k70_year_1/term_2/lap_trinh_nang_cao/projects/TheAllNewBinance/core/src/main/java/com/auction/core/dto/auction/GetPublicAuctionsRequest.java", "Java", 0, 0, 0, 0, 47, 0, 0, 0, 0, 14, 61
"/mnt/windows-data/01_learn/k70_year_1/term_2/lap_trinh_nang_cao/projects/TheAllNewBinance/core/src/main/java/com/auction/core/dto/auction/PromoteAuctionRequest.java", "Java", 0, 0, 0, 0, 39, 0, 0, 0, 6, 13, 58
"/mnt/windows-data/01_learn/k70_year_1/term_2/lap_trinh_nang_cao/projects/TheAllNewBinance/core/src/main/java/com/auction/core/dto/auction/PublicAuctionDto.java", "Java", 0, 0, 0, 0, 115, 0, 0, 0, 1, 29, 145
"/mnt/windows-data/01_learn/k70_year_1/term_2/lap_trinh_nang_cao/projects/TheAllNewBinance/core/src/main/java/com/auction/core/dto/bid/GetBidByAuctionIdRequest.java", "Java", 0, 0, 0, 0, 33, 0, 0, 0, 0, 11, 44
"/mnt/windows-data/01_learn/k70_year_1/term_2/lap_trinh_nang_cao/projects/TheAllNewBinance/core/src/main/java/com/auction/core/dto/bid/GetBidByBidderIdRequest.java", "Java", 0, 0, 0, 0, 33, 0, 0, 0, 0, 11, 44
"/mnt/windows-data/01_learn/k70_year_1/term_2/lap_trinh_nang_cao/projects/TheAllNewBinance/core/src/main/java/com/auction/core/dto/bid/PlaceBid.java", "Java", 0, 0, 0, 0, 30, 0, 0, 0, 0, 10, 40
"/mnt/windows-data/01_learn/k70_year_1/term_2/lap_trinh_nang_cao/projects/TheAllNewBinance/core/src/main/java/com/auction/core/dto/item/GetUploadSignatureRequest.java", "Java", 0, 0, 0, 0, 14, 0, 0, 0, 0, 6, 20
"/mnt/windows-data/01_learn/k70_year_1/term_2/lap_trinh_nang_cao/projects/TheAllNewBinance/core/src/main/java/com/auction/core/dto/item/GetUploadSignatureResponse.java", "Java", 0, 0, 0, 0, 30, 0, 0, 0, 0, 10, 40
"/mnt/windows-data/01_learn/k70_year_1/term_2/lap_trinh_nang_cao/projects/TheAllNewBinance/core/src/main/java/com/auction/core/dto/user/LoginRequest.java", "Java", 0, 0, 0, 0, 22, 0, 0, 0, 0, 8, 30
"/mnt/windows-data/01_learn/k70_year_1/term_2/lap_trinh_nang_cao/projects/TheAllNewBinance/core/src/main/java/com/auction/core/dto/user/RegisterRequest.java", "Java", 0, 0, 0, 0, 38, 0, 0, 0, 0, 12, 50
"/mnt/windows-data/01_learn/k70_year_1/term_2/lap_trinh_nang_cao/projects/TheAllNewBinance/core/src/main/java/com/auction/core/dto/user/UpdatePasswordRequest.java", "Java", 0, 0, 0, 0, 29, 0, 0, 0, 0, 9, 38
"/mnt/windows-data/01_learn/k70_year_1/term_2/lap_trinh_nang_cao/projects/TheAllNewBinance/core/src/main/java/com/auction/core/dto/user/UpdateProfileRequest.java", "Java", 0, 0, 0, 0, 37, 0, 0, 0, 0, 11, 48
"/mnt/windows-data/01_learn/k70_year_1/term_2/lap_trinh_nang_cao/projects/TheAllNewBinance/core/src/main/java/com/auction/core/dto/user/UserInformationReques.java", "Java", 0, 0, 0, 0, 2, 0, 0, 0, 0, 2, 4
"/mnt/windows-data/01_learn/k70_year_1/term_2/lap_trinh_nang_cao/projects/TheAllNewBinance/core/src/main/java/com/auction/core/exception/DomainException.java", "Java", 0, 0, 0, 0, 19, 0, 0, 0, 16, 7, 42
"/mnt/windows-data/01_learn/k70_year_1/term_2/lap_trinh_nang_cao/projects/TheAllNewBinance/core/src/main/java/com/auction/core/exception/ErrorCode.java", "Java", 0, 0, 0, 0, 31, 0, 0, 0, 19, 11, 61
"/mnt/windows-data/01_learn/k70_year_1/term_2/lap_trinh_nang_cao/projects/TheAllNewBinance/core/src/main/java/com/auction/core/exception/GenericDomainException.java", "Java", 0, 0, 0, 0, 9, 0, 0, 0, 4, 4, 17
"/mnt/windows-data/01_learn/k70_year_1/term_2/lap_trinh_nang_cao/projects/TheAllNewBinance/core/src/main/java/com/auction/core/exception/auction/AuctionClosedException.java", "Java", 0, 0, 0, 0, 10, 0, 0, 0, 1, 5, 16
"/mnt/windows-data/01_learn/k70_year_1/term_2/lap_trinh_nang_cao/projects/TheAllNewBinance/core/src/main/java/com/auction/core/exception/auction/AuctionException.java", "Java", 0, 0, 0, 0, 12, 0, 0, 0, 4, 5, 21
"/mnt/windows-data/01_learn/k70_year_1/term_2/lap_trinh_nang_cao/projects/TheAllNewBinance/core/src/main/java/com/auction/core/exception/auction/InvalidBidException.java", "Java", 0, 0, 0, 0, 10, 0, 0, 0, 1, 5, 16
"/mnt/windows-data/01_learn/k70_year_1/term_2/lap_trinh_nang_cao/projects/TheAllNewBinance/core/src/main/java/com/auction/core/exception/auction/ShillBiddingForbiddenException.java", "Java", 0, 0, 0, 0, 10, 0, 0, 0, 1, 5, 16
"/mnt/windows-data/01_learn/k70_year_1/term_2/lap_trinh_nang_cao/projects/TheAllNewBinance/core/src/main/java/com/auction/core/exception/user/AuthenticationException.java", "Java", 0, 0, 0, 0, 10, 0, 0, 0, 1, 5, 16
"/mnt/windows-data/01_learn/k70_year_1/term_2/lap_trinh_nang_cao/projects/TheAllNewBinance/core/src/main/java/com/auction/core/exception/user/UserException.java", "Java", 0, 0, 0, 0, 12, 0, 0, 0, 4, 5, 21
"/mnt/windows-data/01_learn/k70_year_1/term_2/lap_trinh_nang_cao/projects/TheAllNewBinance/core/src/main/java/com/auction/core/exception/wallet/InsufficientBalanceException.java", "Java", 0, 0, 0, 0, 10, 0, 0, 0, 1, 5, 16
"/mnt/windows-data/01_learn/k70_year_1/term_2/lap_trinh_nang_cao/projects/TheAllNewBinance/core/src/main/java/com/auction/core/exception/wallet/WalletException.java", "Java", 0, 0, 0, 0, 12, 0, 0, 0, 4, 5, 21
"/mnt/windows-data/01_learn/k70_year_1/term_2/lap_trinh_nang_cao/projects/TheAllNewBinance/core/src/main/java/com/auction/core/products/Item.java", "Java", 0, 0, 0, 0, 67, 0, 0, 0, 4, 16, 87
"/mnt/windows-data/01_learn/k70_year_1/term_2/lap_trinh_nang_cao/projects/TheAllNewBinance/core/src/main/java/com/auction/core/protocol/EventType.java", "Java", 0, 0, 0, 0, 33, 0, 0, 0, 4, 7, 44
"/mnt/windows-data/01_learn/k70_year_1/term_2/lap_trinh_nang_cao/projects/TheAllNewBinance/core/src/main/java/com/auction/core/services/IAuctionService.java", "Java", 0, 0, 0, 0, 28, 0, 0, 0, 3, 14, 45
"/mnt/windows-data/01_learn/k70_year_1/term_2/lap_trinh_nang_cao/projects/TheAllNewBinance/core/src/main/java/com/auction/core/services/IBidService.java", "Java", 0, 0, 0, 0, 16, 0, 0, 0, 0, 7, 23
"/mnt/windows-data/01_learn/k70_year_1/term_2/lap_trinh_nang_cao/projects/TheAllNewBinance/core/src/main/java/com/auction/core/services/IItemService.java", "Java", 0, 0, 0, 0, 9, 0, 0, 0, 0, 5, 14
"/mnt/windows-data/01_learn/k70_year_1/term_2/lap_trinh_nang_cao/projects/TheAllNewBinance/core/src/main/java/com/auction/core/services/IUserService.java", "Java", 0, 0, 0, 0, 14, 0, 0, 0, 0, 7, 21
"/mnt/windows-data/01_learn/k70_year_1/term_2/lap_trinh_nang_cao/projects/TheAllNewBinance/core/src/main/java/com/auction/core/users/Admin.java", "Java", 0, 0, 0, 0, 12, 0, 0, 0, 0, 2, 14
"/mnt/windows-data/01_learn/k70_year_1/term_2/lap_trinh_nang_cao/projects/TheAllNewBinance/core/src/main/java/com/auction/core/users/StandardUser.java", "Java", 0, 0, 0, 0, 12, 0, 0, 0, 0, 2, 14
"/mnt/windows-data/01_learn/k70_year_1/term_2/lap_trinh_nang_cao/projects/TheAllNewBinance/core/src/main/java/com/auction/core/users/User.java", "Java", 0, 0, 0, 0, 99, 0, 0, 0, 0, 24, 123
"/mnt/windows-data/01_learn/k70_year_1/term_2/lap_trinh_nang_cao/projects/TheAllNewBinance/core/src/main/java/com/auction/core/utils/DateFormatter.java", "Java", 0, 0, 0, 0, 25, 0, 0, 0, 2, 5, 32
"/mnt/windows-data/01_learn/k70_year_1/term_2/lap_trinh_nang_cao/projects/TheAllNewBinance/core/src/main/java/com/auction/core/utils/JsonMapper.java", "Java", 0, 0, 0, 0, 50, 0, 0, 0, 14, 7, 71
"/mnt/windows-data/01_learn/k70_year_1/term_2/lap_trinh_nang_cao/projects/TheAllNewBinance/core/src/main/java/com/auction/core/utils/PasswordHasher.java", "Java", 0, 0, 0, 0, 22, 0, 0, 0, 0, 6, 28
"/mnt/windows-data/01_learn/k70_year_1/term_2/lap_trinh_nang_cao/projects/TheAllNewBinance/custom_checks.xml", "XML", 84, 0, 0, 0, 0, 0, 0, 0, 11, 14, 109
"/mnt/windows-data/01_learn/k70_year_1/term_2/lap_trinh_nang_cao/projects/TheAllNewBinance/docs/class-diagram.md", "Markdown", 0, 143, 0, 0, 0, 0, 0, 0, 0, 28, 171
"/mnt/windows-data/01_learn/k70_year_1/term_2/lap_trinh_nang_cao/projects/TheAllNewBinance/docs/migration_star_auction.sql", "MS SQL", 0, 0, 5, 0, 0, 0, 0, 0, 3, 3, 11
"/mnt/windows-data/01_learn/k70_year_1/term_2/lap_trinh_nang_cao/projects/TheAllNewBinance/docs/uml/README.md", "Markdown", 0, 17, 0, 0, 0, 0, 0, 0, 0, 5, 22
"/mnt/windows-data/01_learn/k70_year_1/term_2/lap_trinh_nang_cao/projects/TheAllNewBinance/pom.xml", "XML", 147, 0, 0, 0, 0, 0, 0, 0, 9, 15, 171
"/mnt/windows-data/01_learn/k70_year_1/term_2/lap_trinh_nang_cao/projects/TheAllNewBinance/server/pom.xml", "XML", 89, 0, 0, 0, 0, 0, 0, 0, 0, 10, 99
"/mnt/windows-data/01_learn/k70_year_1/term_2/lap_trinh_nang_cao/projects/TheAllNewBinance/server/src/main/java/com/auction/server/ServerApp.java", "Java", 0, 0, 0, 0, 45, 0, 0, 0, 6, 9, 60
"/mnt/windows-data/01_learn/k70_year_1/term_2/lap_trinh_nang_cao/projects/TheAllNewBinance/server/src/main/java/com/auction/server/controller/ApiResponse.java", "Java", 0, 0, 0, 0, 33, 0, 0, 0, 9, 8, 50
"/mnt/windows-data/01_learn/k70_year_1/term_2/lap_trinh_nang_cao/projects/TheAllNewBinance/server/src/main/java/com/auction/server/controller/AuctionController.java", "Java", 0, 0, 0, 0, 160, 0, 0, 0, 0, 16, 176
"/mnt/windows-data/01_learn/k70_year_1/term_2/lap_trinh_nang_cao/projects/TheAllNewBinance/server/src/main/java/com/auction/server/controller/BaseController.java", "Java", 0, 0, 0, 0, 86, 0, 0, 0, 15, 5, 106
"/mnt/windows-data/01_learn/k70_year_1/term_2/lap_trinh_nang_cao/projects/TheAllNewBinance/server/src/main/java/com/auction/server/controller/BidController.java", "Java", 0, 0, 0, 0, 55, 0, 0, 0, 1, 7, 63
"/mnt/windows-data/01_learn/k70_year_1/term_2/lap_trinh_nang_cao/projects/TheAllNewBinance/server/src/main/java/com/auction/server/controller/ItemController.java", "Java", 0, 0, 0, 0, 58, 0, 0, 0, 4, 13, 75
"/mnt/windows-data/01_learn/k70_year_1/term_2/lap_trinh_nang_cao/projects/TheAllNewBinance/server/src/main/java/com/auction/server/controller/RequestDispatcher.java", "Java", 0, 0, 0, 0, 204, 0, 0, 0, 16, 20, 240
"/mnt/windows-data/01_learn/k70_year_1/term_2/lap_trinh_nang_cao/projects/TheAllNewBinance/server/src/main/java/com/auction/server/controller/UserController.java", "Java", 0, 0, 0, 0, 89, 0, 0, 0, 5, 11, 105
"/mnt/windows-data/01_learn/k70_year_1/term_2/lap_trinh_nang_cao/projects/TheAllNewBinance/server/src/main/java/com/auction/server/dao/AuctionDao.java", "Java", 0, 0, 0, 0, 519, 0, 0, 0, 12, 41, 572
"/mnt/windows-data/01_learn/k70_year_1/term_2/lap_trinh_nang_cao/projects/TheAllNewBinance/server/src/main/java/com/auction/server/dao/BidDao.java", "Java", 0, 0, 0, 0, 101, 0, 0, 0, 0, 8, 109
"/mnt/windows-data/01_learn/k70_year_1/term_2/lap_trinh_nang_cao/projects/TheAllNewBinance/server/src/main/java/com/auction/server/dao/DBConnection.java", "Java", 0, 0, 0, 0, 99, 0, 0, 0, 2, 11, 112
"/mnt/windows-data/01_learn/k70_year_1/term_2/lap_trinh_nang_cao/projects/TheAllNewBinance/server/src/main/java/com/auction/server/dao/ItemDao.java", "Java", 0, 0, 0, 0, 98, 0, 0, 0, 3, 12, 113
"/mnt/windows-data/01_learn/k70_year_1/term_2/lap_trinh_nang_cao/projects/TheAllNewBinance/server/src/main/java/com/auction/server/dao/UserDao.java", "Java", 0, 0, 0, 0, 156, 0, 0, 0, 0, 20, 176
"/mnt/windows-data/01_learn/k70_year_1/term_2/lap_trinh_nang_cao/projects/TheAllNewBinance/server/src/main/java/com/auction/server/dao/impl/IAuctionDao.java", "Java", 0, 0, 0, 0, 28, 0, 0, 0, 4, 17, 49
"/mnt/windows-data/01_learn/k70_year_1/term_2/lap_trinh_nang_cao/projects/TheAllNewBinance/server/src/main/java/com/auction/server/dao/impl/IBidDao.java", "Java", 0, 0, 0, 0, 9, 0, 0, 0, 0, 6, 15
"/mnt/windows-data/01_learn/k70_year_1/term_2/lap_trinh_nang_cao/projects/TheAllNewBinance/server/src/main/java/com/auction/server/dao/impl/IItemDao.java", "Java", 0, 0, 0, 0, 8, 0, 0, 0, 0, 6, 14
"/mnt/windows-data/01_learn/k70_year_1/term_2/lap_trinh_nang_cao/projects/TheAllNewBinance/server/src/main/java/com/auction/server/dao/impl/IUserDao.java", "Java", 0, 0, 0, 0, 11, 0, 0, 0, 0, 9, 20
"/mnt/windows-data/01_learn/k70_year_1/term_2/lap_trinh_nang_cao/projects/TheAllNewBinance/server/src/main/java/com/auction/server/network/SocketServer.java", "Java", 0, 0, 0, 0, 97, 0, 0, 0, 4, 13, 114
"/mnt/windows-data/01_learn/k70_year_1/term_2/lap_trinh_nang_cao/projects/TheAllNewBinance/server/src/main/java/com/auction/server/services/AuctionService.java", "Java", 0, 0, 0, 0, 234, 0, 0, 0, 9, 33, 276
"/mnt/windows-data/01_learn/k70_year_1/term_2/lap_trinh_nang_cao/projects/TheAllNewBinance/server/src/main/java/com/auction/server/services/BidQueueManager.java", "Java", 0, 0, 0, 0, 132, 0, 0, 0, 27, 21, 180
"/mnt/windows-data/01_learn/k70_year_1/term_2/lap_trinh_nang_cao/projects/TheAllNewBinance/server/src/main/java/com/auction/server/services/BidService.java", "Java", 0, 0, 0, 0, 126, 0, 0, 0, 14, 19, 159
"/mnt/windows-data/01_learn/k70_year_1/term_2/lap_trinh_nang_cao/projects/TheAllNewBinance/server/src/main/java/com/auction/server/services/BidTask.java", "Java", 0, 0, 0, 0, 32, 0, 0, 0, 5, 9, 46
"/mnt/windows-data/01_learn/k70_year_1/term_2/lap_trinh_nang_cao/projects/TheAllNewBinance/server/src/main/java/com/auction/server/services/FeaturedAuctionBatchJob.java", "Java", 0, 0, 0, 0, 49, 0, 0, 0, 6, 8, 63
"/mnt/windows-data/01_learn/k70_year_1/term_2/lap_trinh_nang_cao/projects/TheAllNewBinance/server/src/main/java/com/auction/server/services/ItemService.java", "Java", 0, 0, 0, 0, 34, 0, 0, 0, 0, 7, 41
"/mnt/windows-data/01_learn/k70_year_1/term_2/lap_trinh_nang_cao/projects/TheAllNewBinance/server/src/main/java/com/auction/server/services/UserService.java", "Java", 0, 0, 0, 0, 180, 0, 0, 0, 0, 26, 206
"/mnt/windows-data/01_learn/k70_year_1/term_2/lap_trinh_nang_cao/projects/TheAllNewBinance/server/src/resource/HUONG_DAN_TRIEN_KHAI.md", "Markdown", 0, 54, 0, 0, 0, 0, 0, 0, 0, 28, 82
"/mnt/windows-data/01_learn/k70_year_1/term_2/lap_trinh_nang_cao/projects/TheAllNewBinance/server/src/resource/mock_data.sql", "MS SQL", 0, 0, 72, 0, 0, 0, 0, 0, 14, 9, 95
"/mnt/windows-data/01_learn/k70_year_1/term_2/lap_trinh_nang_cao/projects/TheAllNewBinance/server/src/resource/schema.sql", "MS SQL", 0, 0, 152, 0, 0, 0, 0, 0, 19, 28, 199
"/mnt/windows-data/01_learn/k70_year_1/term_2/lap_trinh_nang_cao/projects/TheAllNewBinance/server/src/test/java/com/auction/server/services/BidServiceTest.java", "Java", 0, 0, 0, 0, 171, 0, 0, 0, 0, 37, 208
"Total", "-", 1992, 403, 229, 26, 11521, 465, 1928, 12, 1141, 3000, 20717